Timestamp,Review,translated_review,lowercased,symbols_removed,contractions_replaced,punctuations_removed,numbers_removed,spelling_corrected,stopwords_removed,stemmed_words,lemmatized
2025/02/10 7:40:54 pm GMT+8,"Im happy with uniten actually, even the people are W","Im happy with uniten actually, even the people are W","im happy with uniten actually, even the people are w","im happy with uniten actually, even the people are w","im happy with uniten actually, even the people are w",im happy with uniten actually even the people are w,im happy with uniten actually even the people are w,im happy with united actually even the people are w,im,im,im
2025/02/10 7:41:00 pm GMT+8,"Iâm having a pretty good time here, happy to meet all of the W people.","Iâm having a pretty good time here, happy to meet all of the W people.","iâm having a pretty good time here, happy to meet all of the w people.","im having a pretty good time here, happy to meet all of the w people.","im having a pretty good time here, happy to meet all of the w people.",im having a pretty good time here happy to meet all of the w people,im having a pretty good time here happy to meet all of the w people,im having a pretty good time here happy to meet all of the w people,im,im,im
2025/02/10 7:41:19 pm GMT+8,a very neutral place in terms of everything,a very neutral place in terms of everything,a very neutral place in terms of everything,a very neutral place in terms of everything,a very neutral place in terms of everything,a very neutral place in terms of everything,a very neutral place in terms of everything,a very neutral place in terms of everything,neutral,neutral,neutral
2025/02/10 7:46:40 pm GMT+8,"I would say Uniten it's  a good university  but there is some issue need to be improved such as transportation,wifi networks and other facilities  as well.","I would say Uniten it's  a good university  but there is some issue need to be improved such as transportation,wifi networks and other facilities  as well.","i would say uniten it's  a good university  but there is some issue need to be improved such as transportation,wifi networks and other facilities  as well.","i would say uniten it's  a good university  but there is some issue need to be improved such as transportation,wifi networks and other facilities  as well.","i would say uniten it is  a good university  but there is some issue need to be improved such as transportation,wifi networks and other facilities  as well.",i would say uniten it is  a good university  but there is some issue need to be improved such as transportationwifi networks and other facilities  as well,i would say uniten it is  a good university  but there is some issue need to be improved such as transportationwifi networks and other facilities  as well,i would say united it is  a good university  but there is some issue need to be improved such as transportationwifi networks and other facilities  as well,would,would,would
2025/02/10 7:46:43 pm GMT+8," UNITEN is well-regarded, particularly for its strong engineering, computer science, and business programs. It has a solid reputation in Malaysia, especially in energy-related fields. The negative part is the facilities such as the swimming pool are close since my first year till 3 year now and there are limited parking so it's make hard to find.","UNITEN is well-regarded, particularly for its strong engineering, computer science, and business programs. It has a solid reputation in Malaysia, especially in energy-related fields. The negative part is the facilities such as the swimming pool are close since my first year till 3 year now and there are limited parking so it's make hard to find.","uniten is well-regarded, particularly for its strong engineering, computer science, and business programs. it has a solid reputation in malaysia, especially in energy-related fields. the negative part is the facilities such as the swimming pool are close since my first year till 3 year now and there are limited parking so it's make hard to find.","uniten is well-regarded, particularly for its strong engineering, computer science, and business programs. it has a solid reputation in malaysia, especially in energy-related fields. the negative part is the facilities such as the swimming pool are close since my first year till 3 year now and there are limited parking so it's make hard to find.","uniten is well-regarded, particularly for its strong engineering, computer science, and business programs. it has a solid reputation in malaysia, especially in energy-related fields. the negative part is the facilities such as the swimming pool are close since my first year till 3 year now and there are limited parking so it is make hard to find.",uniten is wellregarded particularly for its strong engineering computer science and business programs it has a solid reputation in malaysia especially in energyrelated fields the negative part is the facilities such as the swimming pool are close since my first year till 3 year now and there are limited parking so it is make hard to find,uniten is wellregarded particularly for its strong engineering computer science and business programs it has a solid reputation in malaysia especially in energyrelated fields the negative part is the facilities such as the swimming pool are close since my first year till  year now and there are limited parking so it is make hard to find,united is wellregarded particularly for its strong engineering computer science and business programs it has a solid reputation in malaysia especially in energyrelated fields the negative part is the facilities such as the swimming pool are close since my first year till  year now and there are limited parking so it is make hard to find,united,unit,united
2025/02/10 7:50:23 pm GMT+8,Neutral - Because currently UNITEN has developed various new facilities for UNITEN students such as 24 hours emart... Personally for the negative side I would say that UNITEN needs to fix the broken toilet in the library and BM/BN buildings,Neutral - Because currently UNITEN has developed various new facilities for UNITEN students such as 24 hours emart... Personally for the negative side I would say that UNITEN needs to fix the broken toilet in the library and BM/BN buildings,neutral - because currently uniten has developed various new facilities for uniten students such as 24 hours emart... personally for the negative side i would say that uniten needs to fix the broken toilet in the library and bm/bn buildings,neutral - because currently uniten has developed various new facilities for uniten students such as 24 hours emart... personally for the negative side i would say that uniten needs to fix the broken toilet in the library and bm/bn buildings,neutral - because currently uniten has developed various new facilities for uniten students such as 24 hours emart... personally for the negative side i would say that uniten needs to fix the broken toilet in the library and bm/bn buildings,neutral  because currently uniten has developed various new facilities for uniten students such as 24 hours emart personally for the negative side i would say that uniten needs to fix the broken toilet in the library and bmbn buildings,neutral  because currently uniten has developed various new facilities for uniten students such as  hours emart personally for the negative side i would say that uniten needs to fix the broken toilet in the library and bmbn buildings,neutral  because currently united has developed various new facilities for united students such as  hours smart personally for the negative side i would say that united needs to fix the broken toilet in the library and been buildings,neutral,neutral,neutral
2025/02/10 7:51:50 pm GMT+8,regret,regret,regret,regret,regret,regret,regret,regret,regret,regret,regret
2025/02/10 7:56:00 pm GMT+8,"In my opinion, UNITEN is not really a student-oriented university even though it is a private university. The facility is not in well-maintained condition and the flexibility of using the facilities is low. The number of students also low compared to other universities.","In my opinion, UNITEN is not really a student-oriented university even though it is a private university. The facility is not in well-maintained condition and the flexibility of using the facilities is low. The number of students also low compared to other universities.","in my opinion, uniten is not really a student-oriented university even though it is a private university. the facility is not in well-maintained condition and the flexibility of using the facilities is low. the number of students also low compared to other universities.","in my opinion, uniten is not really a student-oriented university even though it is a private university. the facility is not in well-maintained condition and the flexibility of using the facilities is low. the number of students also low compared to other universities.","in my opinion, uniten is not really a student-oriented university even though it is a private university. the facility is not in well-maintained condition and the flexibility of using the facilities is low. the number of students also low compared to other universities.",in my opinion uniten is not really a studentoriented university even though it is a private university the facility is not in wellmaintained condition and the flexibility of using the facilities is low the number of students also low compared to other universities,in my opinion uniten is not really a studentoriented university even though it is a private university the facility is not in wellmaintained condition and the flexibility of using the facilities is low the number of students also low compared to other universities,in my opinion united is not really a studentoriented university even though it is a private university the facility is not in wellmaintained condition and the flexibility of using the facilities is low the number of students also low compared to other universities,opinion,opinion,opinion
2025/02/10 7:57:43 pm GMT+8,"UNITEN today is the shadow of its former self. What attracted me to UNITEN in the first place is not there anymore, e.g; our very own faculty building. The student dedicated website is terrible. I can name thousands of thousands website that is infinitely better. The hostel room application is ridiculous. The only pros that I could ever think of is the location of the campus that is situated near to major cities.","UNITEN today is the shadow of its former self. What attracted me to UNITEN in the first place is not there anymore, e.g; our very own faculty building. The student dedicated website is terrible. I can name thousands of thousands website that is infinitely better. The hostel room application is ridiculous. The only pros that I could ever think of is the location of the campus that is situated near to major cities.","uniten today is the shadow of its former self. what attracted me to uniten in the first place is not there anymore, e.g; our very own faculty building. the student dedicated website is terrible. i can name thousands of thousands website that is infinitely better. the hostel room application is ridiculous. the only pros that i could ever think of is the location of the campus that is situated near to major cities.","uniten today is the shadow of its former self. what attracted me to uniten in the first place is not there anymore, e.g; our very own faculty building. the student dedicated website is terrible. i can name thousands of thousands website that is infinitely better. the hostel room application is ridiculous. the only pros that i could ever think of is the location of the campus that is situated near to major cities.","uniten today is the shadow of its former self. what attracted me to uniten in the first place is not there anymore, e.g; our very own faculty building. the student dedicated website is terrible. i can name thousands of thousands website that is infinitely better. the hostel room application is ridiculous. the only pros that i could ever think of is the location of the campus that is situated near to major cities.",uniten today is the shadow of its former self what attracted me to uniten in the first place is not there anymore eg our very own faculty building the student dedicated website is terrible i can name thousands of thousands website that is infinitely better the hostel room application is ridiculous the only pros that i could ever think of is the location of the campus that is situated near to major cities,uniten today is the shadow of its former self what attracted me to uniten in the first place is not there anymore eg our very own faculty building the student dedicated website is terrible i can name thousands of thousands website that is infinitely better the hostel room application is ridiculous the only pros that i could ever think of is the location of the campus that is situated near to major cities,united today is the shadow of its former self what attracted me to united in the first place is not there anymore eg our very own faculty building the student dedicated website is terrible i can name thousands of thousands website that is infinitely better the hostel room application is ridiculous the only pros that i could ever think of is the location of the campus that is situated near to major cities,united,unit,united
2025/02/10 7:58:31 pm GMT+8,The great place and people that I will remember forever ,The great place and people that I will remember forever,the great place and people that i will remember forever,the great place and people that i will remember forever,the great place and people that i will remember forever,the great place and people that i will remember forever,the great place and people that i will remember forever,the great place and people that i will remember forever,great,great,great
2025/02/10 7:59:18 pm GMT+8,UNITEN is an interesting university because it's Tenaga university or the national energy university,UNITEN is an interesting university because it's Tenaga university or the national energy university,uniten is an interesting university because it's tenaga university or the national energy university,uniten is an interesting university because it's tenaga university or the national energy university,uniten is an interesting university because it is tenaga university or the national energy university,uniten is an interesting university because it is tenaga university or the national energy university,uniten is an interesting university because it is tenaga university or the national energy university,united is an interesting university because it is teenage university or the national energy university,united,unit,united
2025/02/10 7:59:26 pm GMT+8,Good enviroment and facilities,Good enviroment and facilities,good enviroment and facilities,good enviroment and facilities,good enviroment and facilities,good enviroment and facilities,good enviroment and facilities,good environment and facilities,good,good,good
2025/02/10 7:59:28 pm GMT+8,"For me, Uniten just a neutral for me because there is some positive and negative aspect for it. For example, positive side of it, is about supportive and easy going lecturer. Meanwhile negative side is about wifi connection is slow in certain areas.","For me, Uniten just a neutral for me because there is some positive and negative aspect for it. For example, positive side of it, is about supportive and easy going lecturer. Meanwhile negative side is about wifi connection is slow in certain areas.","for me, uniten just a neutral for me because there is some positive and negative aspect for it. for example, positive side of it, is about supportive and easy going lecturer. meanwhile negative side is about wifi connection is slow in certain areas.","for me, uniten just a neutral for me because there is some positive and negative aspect for it. for example, positive side of it, is about supportive and easy going lecturer. meanwhile negative side is about wifi connection is slow in certain areas.","for me, uniten just a neutral for me because there is some positive and negative aspect for it. for example, positive side of it, is about supportive and easy going lecturer. meanwhile negative side is about wifi connection is slow in certain areas.",for me uniten just a neutral for me because there is some positive and negative aspect for it for example positive side of it is about supportive and easy going lecturer meanwhile negative side is about wifi connection is slow in certain areas,for me uniten just a neutral for me because there is some positive and negative aspect for it for example positive side of it is about supportive and easy going lecturer meanwhile negative side is about wifi connection is slow in certain areas,for me united just a neutral for me because there is some positive and negative aspect for it for example positive side of it is about supportive and easy going lecturer meanwhile negative side is about wifi connection is slow in certain areas,united,unit,united
2025/02/10 7:59:37 pm GMT+8,Honestly uniten I feel like uniten is not the best neither the worst. I just feel like there are many more things to improve throughout the campus,Honestly uniten I feel like uniten is not the best neither the worst. I just feel like there are many more things to improve throughout the campus,honestly uniten i feel like uniten is not the best neither the worst. i just feel like there are many more things to improve throughout the campus,honestly uniten i feel like uniten is not the best neither the worst. i just feel like there are many more things to improve throughout the campus,honestly uniten i feel like uniten is not the best neither the worst. i just feel like there are many more things to improve throughout the campus,honestly uniten i feel like uniten is not the best neither the worst i just feel like there are many more things to improve throughout the campus,honestly uniten i feel like uniten is not the best neither the worst i just feel like there are many more things to improve throughout the campus,honestly united i feel like united is not the best neither the worst i just feel like there are many more things to improve throughout the campus,honestly,honestli,honestly
2025/02/10 8:00:24 pm GMT+8,"UNITEN is a solid choice for students interested in engineering, IT, or energy-related fields, offering strong industry connections and modern facilities. However, its specialized focus and location may not suit everyone. If youâre looking for a university with a strong technical emphasis and ties to the energy sector, UNITEN could be a great fit. If you prefer a more diverse academic environment or a bustling social scene, you might want to explore other options.","UNITEN is a solid choice for students interested in engineering, IT, or energy-related fields, offering strong industry connections and modern facilities. However, its specialized focus and location may not suit everyone. If youâre looking for a university with a strong technical emphasis and ties to the energy sector, UNITEN could be a great fit. If you prefer a more diverse academic environment or a bustling social scene, you might want to explore other options.","uniten is a solid choice for students interested in engineering, it, or energy-related fields, offering strong industry connections and modern facilities. however, its specialized focus and location may not suit everyone. if youâre looking for a university with a strong technical emphasis and ties to the energy sector, uniten could be a great fit. if you prefer a more diverse academic environment or a bustling social scene, you might want to explore other options.","uniten is a solid choice for students interested in engineering, it, or energy-related fields, offering strong industry connections and modern facilities. however, its specialized focus and location may not suit everyone. if youre looking for a university with a strong technical emphasis and ties to the energy sector, uniten could be a great fit. if you prefer a more diverse academic environment or a bustling social scene, you might want to explore other options.","uniten is a solid choice for students interested in engineering, it, or energy-related fields, offering strong industry connections and modern facilities. however, its specialized focus and location may not suit everyone. if youre looking for a university with a strong technical emphasis and ties to the energy sector, uniten could be a great fit. if you prefer a more diverse academic environment or a bustling social scene, you might want to explore other options.",uniten is a solid choice for students interested in engineering it or energyrelated fields offering strong industry connections and modern facilities however its specialized focus and location may not suit everyone if youre looking for a university with a strong technical emphasis and ties to the energy sector uniten could be a great fit if you prefer a more diverse academic environment or a bustling social scene you might want to explore other options,uniten is a solid choice for students interested in engineering it or energyrelated fields offering strong industry connections and modern facilities however its specialized focus and location may not suit everyone if youre looking for a university with a strong technical emphasis and ties to the energy sector uniten could be a great fit if you prefer a more diverse academic environment or a bustling social scene you might want to explore other options,united is a solid choice for students interested in engineering it or energyrelated fields offering strong industry connections and modern facilities however its specialized focus and location may not suit everyone if youre looking for a university with a strong technical emphasis and ties to the energy sector united could be a great fit if you prefer a more diverse academic environment or a bustling social scene you might want to explore other options,united,unit,united
2025/02/10 8:00:44 pm GMT+8,Bad in managemn,Bad in managemn,bad in managemn,bad in managemn,bad in managemn,bad in managemn,bad in managemn,bad in manager,bad,bad,bad
2025/02/10 8:00:47 pm GMT+8,I have faced a lot of problems while being in UNITEN such as internet connectivity and facilities is not in a good condition (air conditioning sometimes not working) .,I have faced a lot of problems while being in UNITEN such as internet connectivity and facilities is not in a good condition (air conditioning sometimes not working) .,i have faced a lot of problems while being in uniten such as internet connectivity and facilities is not in a good condition (air conditioning sometimes not working) .,i have faced a lot of problems while being in uniten such as internet connectivity and facilities is not in a good condition (air conditioning sometimes not working) .,i have faced a lot of problems while being in uniten such as internet connectivity and facilities is not in a good condition (air conditioning sometimes not working) .,i have faced a lot of problems while being in uniten such as internet connectivity and facilities is not in a good condition air conditioning sometimes not working ,i have faced a lot of problems while being in uniten such as internet connectivity and facilities is not in a good condition air conditioning sometimes not working ,i have faced a lot of problems while being in united such as internet connectivity and facilities is not in a good condition air conditioning sometimes not working ,faced,face,face
2025/02/10 8:02:06 pm GMT+8,"Uniten has great facilities, always give freedom for students to choose but some of the facilities upgrade is progressing very slow. The miscellaneous fee is still undefined. I think student should know what are they paying for.","Uniten has great facilities, always give freedom for students to choose but some of the facilities upgrade is progressing very slow. The miscellaneous fee is still undefined. I think student should know what are they paying for.","uniten has great facilities, always give freedom for students to choose but some of the facilities upgrade is progressing very slow. the miscellaneous fee is still undefined. i think student should know what are they paying for.","uniten has great facilities, always give freedom for students to choose but some of the facilities upgrade is progressing very slow. the miscellaneous fee is still undefined. i think student should know what are they paying for.","uniten has great facilities, always give freedom for students to choose but some of the facilities upgrade is progressing very slow. the miscellaneous fee is still undefined. i think student should know what are they paying for.",uniten has great facilities always give freedom for students to choose but some of the facilities upgrade is progressing very slow the miscellaneous fee is still undefined i think student should know what are they paying for,uniten has great facilities always give freedom for students to choose but some of the facilities upgrade is progressing very slow the miscellaneous fee is still undefined i think student should know what are they paying for,united has great facilities always give freedom for students to choose but some of the facilities upgrade is progressing very slow the miscellaneous fee is still undefined i think student should know what are they paying for,united,unit,united
2025/02/10 8:02:18 pm GMT+8,"Uniten is unnecessarily expensive for the service it's offering. It is practically 10 times the price of a normal public university with barely any additional service. Most service center is broken, some road light doesn't even lit up and certain buildings are either close or straight up close off making the layout of the campus make less and less sense throughout the year. The service quality also isn't much better than the local ones therefore making the price tags makes less sense. The management side also isn't a huge downside. Schedule are a mess, events handled in exchange of student comfort and the report system keep making us report the same thing over and over again instead of putting on a timer or weight to solve the solution. Overall, 10/10, will never do this again.","Uniten is unnecessarily expensive for the service it's offering. It is practically 10 times the price of a normal public university with barely any additional service. Most service center is broken, some road light doesn't even lit up and certain buildings are either close or straight up close off making the layout of the campus make less and less sense throughout the year. The service quality also isn't much better than the local ones therefore making the price tags makes less sense. The management side also isn't a huge downside. Schedule are a mess, events handled in exchange of student comfort and the report system keep making us report the same thing over and over again instead of putting on a timer or weight to solve the solution. Overall, 10/10, will never do this again.","uniten is unnecessarily expensive for the service it's offering. it is practically 10 times the price of a normal public university with barely any additional service. most service center is broken, some road light doesn't even lit up and certain buildings are either close or straight up close off making the layout of the campus make less and less sense throughout the year. the service quality also isn't much better than the local ones therefore making the price tags makes less sense. the management side also isn't a huge downside. schedule are a mess, events handled in exchange of student comfort and the report system keep making us report the same thing over and over again instead of putting on a timer or weight to solve the solution. overall, 10/10, will never do this again.","uniten is unnecessarily expensive for the service it's offering. it is practically 10 times the price of a normal public university with barely any additional service. most service center is broken, some road light doesn't even lit up and certain buildings are either close or straight up close off making the layout of the campus make less and less sense throughout the year. the service quality also isn't much better than the local ones therefore making the price tags makes less sense. the management side also isn't a huge downside. schedule are a mess, events handled in exchange of student comfort and the report system keep making us report the same thing over and over again instead of putting on a timer or weight to solve the solution. overall, 10/10, will never do this again.","uniten is unnecessarily expensive for the service it is offering. it is practically 10 times the price of a normal public university with barely any additional service. most service center is broken, some road light does not even lit up and certain buildings are either close or straight up close off making the layout of the campus make less and less sense throughout the year. the service quality also is not much better than the local ones therefore making the price tags makes less sense. the management side also is not a huge downside. schedule are a mess, events handled in exchange of student comfort and the report system keep making us report the same thing over and over again instead of putting on a timer or weight to solve the solution. overall, 10/10, will never do this again.",uniten is unnecessarily expensive for the service it is offering it is practically 10 times the price of a normal public university with barely any additional service most service center is broken some road light does not even lit up and certain buildings are either close or straight up close off making the layout of the campus make less and less sense throughout the year the service quality also is not much better than the local ones therefore making the price tags makes less sense the management side also is not a huge downside schedule are a mess events handled in exchange of student comfort and the report system keep making us report the same thing over and over again instead of putting on a timer or weight to solve the solution overall 1010 will never do this again,uniten is unnecessarily expensive for the service it is offering it is practically  times the price of a normal public university with barely any additional service most service center is broken some road light does not even lit up and certain buildings are either close or straight up close off making the layout of the campus make less and less sense throughout the year the service quality also is not much better than the local ones therefore making the price tags makes less sense the management side also is not a huge downside schedule are a mess events handled in exchange of student comfort and the report system keep making us report the same thing over and over again instead of putting on a timer or weight to solve the solution overall  will never do this again,united is unnecessarily expensive for the service it is offering it is practically  times the price of a normal public university with barely any additional service most service center is broken some road light does not even lit up and certain buildings are either close or straight up close off making the layout of the campus make less and less sense throughout the year the service quality also is not much better than the local ones therefore making the price tags makes less sense the management side also is not a huge downside schedule are a mess events handled in exchange of student comfort and the report system keep making us report the same thing over and over again instead of putting on a timer or weight to solve the solution overall  will never do this again,united,unit,united
2025/02/10 8:02:38 pm GMT+8,"FIrst of all, UNITEN Strong point is the lecturer there are so many great lecturers here that have such precious knowledge they are willing to share. The course selection is abundance and align with modern world. Then, their proximity to bunch of food is very convenient. That what I could deem positive part about it. For neutral part of it, is their facilities, there are some good like the classes especially the new renovated class at BM, then we found poor class such as BV Theatre, then we have Library which is such a good benchmark for other theatre. The road is serviceable. Then for bad part is their management, slow, frustrating and could be very annoying. The event are subpar at best, the SRC is barely noticeable. In general, bunch of Uniten features, they are towards the right direction but lacking at execution. ","FIrst of all, UNITEN Strong point is the lecturer there are so many great lecturers here that have such precious knowledge they are willing to share. The course selection is abundance and align with modern world. Then, their proximity to bunch of food is very convenient. That what I could deem positive part about it. For neutral part of it, is their facilities, there are some good like the classes especially the new renovated class at BM, then we found poor class such as BV Theatre, then we have Library which is such a good benchmark for other theatre. The road is serviceable. Then for bad part is their management, slow, frustrating and could be very annoying. The event are subpar at best, the SRC is barely noticeable. In general, bunch of Uniten features, they are towards the right direction but lacking at execution.","first of all, uniten strong point is the lecturer there are so many great lecturers here that have such precious knowledge they are willing to share. the course selection is abundance and align with modern world. then, their proximity to bunch of food is very convenient. that what i could deem positive part about it. for neutral part of it, is their facilities, there are some good like the classes especially the new renovated class at bm, then we found poor class such as bv theatre, then we have library which is such a good benchmark for other theatre. the road is serviceable. then for bad part is their management, slow, frustrating and could be very annoying. the event are subpar at best, the src is barely noticeable. in general, bunch of uniten features, they are towards the right direction but lacking at execution.","first of all, uniten strong point is the lecturer there are so many great lecturers here that have such precious knowledge they are willing to share. the course selection is abundance and align with modern world. then, their proximity to bunch of food is very convenient. that what i could deem positive part about it. for neutral part of it, is their facilities, there are some good like the classes especially the new renovated class at bm, then we found poor class such as bv theatre, then we have library which is such a good benchmark for other theatre. the road is serviceable. then for bad part is their management, slow, frustrating and could be very annoying. the event are subpar at best, the src is barely noticeable. in general, bunch of uniten features, they are towards the right direction but lacking at execution.","first of all, uniten strong point is the lecturer there are so many great lecturers here that have such precious knowledge they are willing to share. the course selection is abundance and align with modern world. then, their proximity to bunch of food is very convenient. that what i could deem positive part about it. for neutral part of it, is their facilities, there are some good like the classes especially the new renovated class at bm, then we found poor class such as bv theatre, then we have library which is such a good benchmark for other theatre. the road is serviceable. then for bad part is their management, slow, frustrating and could be very annoying. the event are subpar at best, the src is barely noticeable. in general, bunch of uniten features, they are towards the right direction but lacking at execution.",first of all uniten strong point is the lecturer there are so many great lecturers here that have such precious knowledge they are willing to share the course selection is abundance and align with modern world then their proximity to bunch of food is very convenient that what i could deem positive part about it for neutral part of it is their facilities there are some good like the classes especially the new renovated class at bm then we found poor class such as bv theatre then we have library which is such a good benchmark for other theatre the road is serviceable then for bad part is their management slow frustrating and could be very annoying the event are subpar at best the src is barely noticeable in general bunch of uniten features they are towards the right direction but lacking at execution,first of all uniten strong point is the lecturer there are so many great lecturers here that have such precious knowledge they are willing to share the course selection is abundance and align with modern world then their proximity to bunch of food is very convenient that what i could deem positive part about it for neutral part of it is their facilities there are some good like the classes especially the new renovated class at bm then we found poor class such as bv theatre then we have library which is such a good benchmark for other theatre the road is serviceable then for bad part is their management slow frustrating and could be very annoying the event are subpar at best the src is barely noticeable in general bunch of uniten features they are towards the right direction but lacking at execution,first of all united strong point is the lecturer there are so many great lecturers here that have such precious knowledge they are willing to share the course selection is abundance and align with modern world then their proximity to bunch of food is very convenient that what i could deem positive part about it for neutral part of it is their facilities there are some good like the classes especially the new renovated class at bm then we found poor class such as bv theatre then we have library which is such a good benchmark for other theatre the road is serviceable then for bad part is their management slow frustrating and could be very annoying the event are super at best the src is barely noticeable in general bunch of united features they are towards the right direction but lacking at execution,first,first,first
2025/02/10 8:02:44 pm GMT+8,"in my opinion UNITEN offers great opportunities in terms of exploring ourselves in preparing our future. but, there are many ways UNITEN makes the student life a ""hassle"". First for the longest times, the walkway for students and the bike road are damaged and filled with holes which will cause accidents and other issues. another is the issue with the admins in UNITEN UCC. although there are many whom help with the issue. Many are created with neglect of the Ucc staff. ","in my opinion UNITEN offers great opportunities in terms of exploring ourselves in preparing our future. but, there are many ways UNITEN makes the student life a ""hassle"". First for the longest times, the walkway for students and the bike road are damaged and filled with holes which will cause accidents and other issues. another is the issue with the admins in UNITEN UCC. although there are many whom help with the issue. Many are created with neglect of the Ucc staff.","in my opinion uniten offers great opportunities in terms of exploring ourselves in preparing our future. but, there are many ways uniten makes the student life a ""hassle"". first for the longest times, the walkway for students and the bike road are damaged and filled with holes which will cause accidents and other issues. another is the issue with the admins in uniten ucc. although there are many whom help with the issue. many are created with neglect of the ucc staff.","in my opinion uniten offers great opportunities in terms of exploring ourselves in preparing our future. but, there are many ways uniten makes the student life a ""hassle"". first for the longest times, the walkway for students and the bike road are damaged and filled with holes which will cause accidents and other issues. another is the issue with the admins in uniten ucc. although there are many whom help with the issue. many are created with neglect of the ucc staff.","in my opinion uniten offers great opportunities in terms of exploring ourselves in preparing our future. but, there are many ways uniten makes the student life a ""hassle"". first for the longest times, the walkway for students and the bike road are damaged and filled with holes which will cause accidents and other issues. another is the issue with the admins in uniten ucc. although there are many whom help with the issue. many are created with neglect of the ucc staff.",in my opinion uniten offers great opportunities in terms of exploring ourselves in preparing our future but there are many ways uniten makes the student life a hassle first for the longest times the walkway for students and the bike road are damaged and filled with holes which will cause accidents and other issues another is the issue with the admins in uniten ucc although there are many whom help with the issue many are created with neglect of the ucc staff,in my opinion uniten offers great opportunities in terms of exploring ourselves in preparing our future but there are many ways uniten makes the student life a hassle first for the longest times the walkway for students and the bike road are damaged and filled with holes which will cause accidents and other issues another is the issue with the admins in uniten ucc although there are many whom help with the issue many are created with neglect of the ucc staff,in my opinion united offers great opportunities in terms of exploring ourselves in preparing our future but there are many ways united makes the student life a hassle first for the longest times the walkway for students and the bike road are damaged and filled with holes which will cause accidents and other issues another is the issue with the admins in united ucc although there are many whom help with the issue many are created with neglect of the ucc staff,opinion,opinion,opinion
2025/02/10 8:03:01 pm GMT+8,"As a UNITEN student, Iâve had a great experience so far. Lecturers are knowledgeable and approachable, always willing to help when needed. The campus facilities are well-maintained, including the labs, libraries, and study areas, which make learning more convenient. The academic workload is challenging but manageable, and the curriculum is industry-relevant, preparing us well for future careers. There are also many clubs and activities to join, making campus life more enjoyable. Overall, UNITEN provides a balanced university experience with quality education and a supportive environment.","As a UNITEN student, Iâve had a great experience so far. Lecturers are knowledgeable and approachable, always willing to help when needed. The campus facilities are well-maintained, including the labs, libraries, and study areas, which make learning more convenient. The academic workload is challenging but manageable, and the curriculum is industry-relevant, preparing us well for future careers. There are also many clubs and activities to join, making campus life more enjoyable. Overall, UNITEN provides a balanced university experience with quality education and a supportive environment.","as a uniten student, iâve had a great experience so far. lecturers are knowledgeable and approachable, always willing to help when needed. the campus facilities are well-maintained, including the labs, libraries, and study areas, which make learning more convenient. the academic workload is challenging but manageable, and the curriculum is industry-relevant, preparing us well for future careers. there are also many clubs and activities to join, making campus life more enjoyable. overall, uniten provides a balanced university experience with quality education and a supportive environment.","as a uniten student, ive had a great experience so far. lecturers are knowledgeable and approachable, always willing to help when needed. the campus facilities are well-maintained, including the labs, libraries, and study areas, which make learning more convenient. the academic workload is challenging but manageable, and the curriculum is industry-relevant, preparing us well for future careers. there are also many clubs and activities to join, making campus life more enjoyable. overall, uniten provides a balanced university experience with quality education and a supportive environment.","as a uniten student, ive had a great experience so far. lecturers are knowledgeable and approachable, always willing to help when needed. the campus facilities are well-maintained, including the labs, libraries, and study areas, which make learning more convenient. the academic workload is challenging but manageable, and the curriculum is industry-relevant, preparing us well for future careers. there are also many clubs and activities to join, making campus life more enjoyable. overall, uniten provides a balanced university experience with quality education and a supportive environment.",as a uniten student ive had a great experience so far lecturers are knowledgeable and approachable always willing to help when needed the campus facilities are wellmaintained including the labs libraries and study areas which make learning more convenient the academic workload is challenging but manageable and the curriculum is industryrelevant preparing us well for future careers there are also many clubs and activities to join making campus life more enjoyable overall uniten provides a balanced university experience with quality education and a supportive environment,as a uniten student ive had a great experience so far lecturers are knowledgeable and approachable always willing to help when needed the campus facilities are wellmaintained including the labs libraries and study areas which make learning more convenient the academic workload is challenging but manageable and the curriculum is industryrelevant preparing us well for future careers there are also many clubs and activities to join making campus life more enjoyable overall uniten provides a balanced university experience with quality education and a supportive environment,as a united student ive had a great experience so far lecturers are knowledgeable and approachable always willing to help when needed the campus facilities are wellmaintained including the labs libraries and study areas which make learning more convenient the academic workload is challenging but manageable and the curriculum is industryrelevant preparing us well for future careers there are also many clubs and activities to join making campus life more enjoyable overall united provides a balanced university experience with quality education and a supportive environment,united,unit,united
2025/02/10 8:03:09 pm GMT+8,"Bad in management. Every sem had a problem about timetable and subject registration. Price per subject very expensive even not related to our programme. Dont have a lot of parking especially at the library. Timetable very very stressful, have class at night ","Bad in management. Every sem had a problem about timetable and subject registration. Price per subject very expensive even not related to our programme. Dont have a lot of parking especially at the library. Timetable very very stressful, have class at night","bad in management. every sem had a problem about timetable and subject registration. price per subject very expensive even not related to our programme. dont have a lot of parking especially at the library. timetable very very stressful, have class at night","bad in management. every sem had a problem about timetable and subject registration. price per subject very expensive even not related to our programme. dont have a lot of parking especially at the library. timetable very very stressful, have class at night","bad in management. every sem had a problem about timetable and subject registration. price per subject very expensive even not related to our programme. dont have a lot of parking especially at the library. timetable very very stressful, have class at night",bad in management every sem had a problem about timetable and subject registration price per subject very expensive even not related to our programme dont have a lot of parking especially at the library timetable very very stressful have class at night,bad in management every sem had a problem about timetable and subject registration price per subject very expensive even not related to our programme dont have a lot of parking especially at the library timetable very very stressful have class at night,bad in management every sem had a problem about timetable and subject registration price per subject very expensive even not related to our programme dont have a lot of parking especially at the library timetable very very stressful have class at night,bad,bad,bad
2025/02/10 8:03:11 pm GMT+8,"UNITEN has great academic potential, but there are several areas that need improvement, particularly in its facilities and management. Many classrooms and lecture halls have outdated equipment, including malfunctioning air conditioning and inadequate seating, making it uncomfortable for students. The library, while resourceful, requires better maintenance, more study spaces, and a stronger Wi-Fi connection. Additionally, sports and recreational facilities need urgent upgrades, as the gym lacks proper equipment and some sports courts are not well-maintained, discouraging student participation in extracurricular activities.

The universityâs management and administrative processes also require improvement. Response times from offices such as finance and student affairs are often slow, leading to delays in resolving student concerns regarding fees and scholarships. Course registration is another major issue, with frequent system crashes and unclear guidelines creating unnecessary stress. Moreover, communication between the university and students needs enhancement, as important updates about policy changes, events, and academic matters are not always effectively conveyed. Addressing these issues will significantly enhance the student experience and ensure UNITEN remains a top choice for higher education.
","UNITEN has great academic potential, but there are several areas that need improvement, particularly in its facilities and management. Many classrooms and lecture halls have outdated equipment, including malfunctioning air conditioning and inadequate seating, making it uncomfortable for students. The library, while resourceful, requires better maintenance, more study spaces, and a stronger Wi-Fi connection. Additionally, sports and recreational facilities need urgent upgrades, as the gym lacks proper equipment and some sports courts are not well-maintained, discouraging student participation in extracurricular activities.

The universityâs management and administrative processes also require improvement. Response times from offices such as finance and student affairs are often slow, leading to delays in resolving student concerns regarding fees and scholarships. Course registration is another major issue, with frequent system crashes and unclear guidelines creating unnecessary stress. Moreover, communication between the university and students needs enhancement, as important updates about policy changes, events, and academic matters are not always effectively conveyed. Addressing these issues will significantly enhance the student experience and ensure UNITEN remains a top choice for higher education.","uniten has great academic potential, but there are several areas that need improvement, particularly in its facilities and management. many classrooms and lecture halls have outdated equipment, including malfunctioning air conditioning and inadequate seating, making it uncomfortable for students. the library, while resourceful, requires better maintenance, more study spaces, and a stronger wi-fi connection. additionally, sports and recreational facilities need urgent upgrades, as the gym lacks proper equipment and some sports courts are not well-maintained, discouraging student participation in extracurricular activities.

the universityâs management and administrative processes also require improvement. response times from offices such as finance and student affairs are often slow, leading to delays in resolving student concerns regarding fees and scholarships. course registration is another major issue, with frequent system crashes and unclear guidelines creating unnecessary stress. moreover, communication between the university and students needs enhancement, as important updates about policy changes, events, and academic matters are not always effectively conveyed. addressing these issues will significantly enhance the student experience and ensure uniten remains a top choice for higher education.","uniten has great academic potential, but there are several areas that need improvement, particularly in its facilities and management. many classrooms and lecture halls have outdated equipment, including malfunctioning air conditioning and inadequate seating, making it uncomfortable for students. the library, while resourceful, requires better maintenance, more study spaces, and a stronger wi-fi connection. additionally, sports and recreational facilities need urgent upgrades, as the gym lacks proper equipment and some sports courts are not well-maintained, discouraging student participation in extracurricular activities.

the universitys management and administrative processes also require improvement. response times from offices such as finance and student affairs are often slow, leading to delays in resolving student concerns regarding fees and scholarships. course registration is another major issue, with frequent system crashes and unclear guidelines creating unnecessary stress. moreover, communication between the university and students needs enhancement, as important updates about policy changes, events, and academic matters are not always effectively conveyed. addressing these issues will significantly enhance the student experience and ensure uniten remains a top choice for higher education.","uniten has great academic potential, but there are several areas that need improvement, particularly in its facilities and management. many classrooms and lecture halls have outdated equipment, including malfunctioning air conditioning and inadequate seating, making it uncomfortable for students. the library, while resourceful, requires better maintenance, more study spaces, and a stronger wi-fi connection. additionally, sports and recreational facilities need urgent upgrades, as the gym lacks proper equipment and some sports courts are not well-maintained, discouraging student participation in extracurricular activities.

the universitys management and administrative processes also require improvement. response times from offices such as finance and student affairs are often slow, leading to delays in resolving student concerns regarding fees and scholarships. course registration is another major issue, with frequent system crashes and unclear guidelines creating unnecessary stress. moreover, communication between the university and students needs enhancement, as important updates about policy changes, events, and academic matters are not always effectively conveyed. addressing these issues will significantly enhance the student experience and ensure uniten remains a top choice for higher education.","uniten has great academic potential but there are several areas that need improvement particularly in its facilities and management many classrooms and lecture halls have outdated equipment including malfunctioning air conditioning and inadequate seating making it uncomfortable for students the library while resourceful requires better maintenance more study spaces and a stronger wifi connection additionally sports and recreational facilities need urgent upgrades as the gym lacks proper equipment and some sports courts are not wellmaintained discouraging student participation in extracurricular activities

the universitys management and administrative processes also require improvement response times from offices such as finance and student affairs are often slow leading to delays in resolving student concerns regarding fees and scholarships course registration is another major issue with frequent system crashes and unclear guidelines creating unnecessary stress moreover communication between the university and students needs enhancement as important updates about policy changes events and academic matters are not always effectively conveyed addressing these issues will significantly enhance the student experience and ensure uniten remains a top choice for higher education","uniten has great academic potential but there are several areas that need improvement particularly in its facilities and management many classrooms and lecture halls have outdated equipment including malfunctioning air conditioning and inadequate seating making it uncomfortable for students the library while resourceful requires better maintenance more study spaces and a stronger wifi connection additionally sports and recreational facilities need urgent upgrades as the gym lacks proper equipment and some sports courts are not wellmaintained discouraging student participation in extracurricular activities

the universitys management and administrative processes also require improvement response times from offices such as finance and student affairs are often slow leading to delays in resolving student concerns regarding fees and scholarships course registration is another major issue with frequent system crashes and unclear guidelines creating unnecessary stress moreover communication between the university and students needs enhancement as important updates about policy changes events and academic matters are not always effectively conveyed addressing these issues will significantly enhance the student experience and ensure uniten remains a top choice for higher education","united has great academic potential but there are several areas that need improvement particularly in its facilities and management many classrooms and lecture halls have outdated equipment including malfunctioning air conditioning and inadequate seating making it uncomfortable for students the library while resourceful requires better maintenance more study spaces and a stronger wifi connection additionally sports and recreational facilities need urgent upgrades as the gym lacks proper equipment and some sports courts are not wellmaintained discouraging student participation in extracurricular activities

the university management and administrative processes also require improvement response times from offices such as finance and student affairs are often slow leading to delays in resolving student concerns regarding fees and scholarships course registration is another major issue with frequent system crashes and unclear guidelines creating unnecessary stress moreover communication between the university and students needs enhancement as important updates about policy changes events and academic matters are not always effectively conveyed addressing these issues will significantly enhance the student experience and ensure united remains a top choice for higher education",united,unit,united
2025/02/10 8:03:32 pm GMT+8,The managment system is the worst. The student could not get any time or study week before the finals and we could not get a longor period of time to settle down our pro forma invoice. ,The managment system is the worst. The student could not get any time or study week before the finals and we could not get a longor period of time to settle down our pro forma invoice.,the managment system is the worst. the student could not get any time or study week before the finals and we could not get a longor period of time to settle down our pro forma invoice.,the managment system is the worst. the student could not get any time or study week before the finals and we could not get a longor period of time to settle down our pro forma invoice.,the managment system is the worst. the student could not get any time or study week before the finals and we could not get a longor period of time to settle down our pro forma invoice.,the managment system is the worst the student could not get any time or study week before the finals and we could not get a longor period of time to settle down our pro forma invoice,the managment system is the worst the student could not get any time or study week before the finals and we could not get a longor period of time to settle down our pro forma invoice,the management system is the worst the student could not get any time or study week before the finals and we could not get a longer period of time to settle down our pro forma voice,management,manag,management
2025/02/10 8:03:39 pm GMT+8,they insist u to pay the pro forma urgently. maybe try to be considerate to people who comes from not so wealthy family. ,they insist u to pay the pro forma urgently. maybe try to be considerate to people who comes from not so wealthy family.,they insist u to pay the pro forma urgently. maybe try to be considerate to people who comes from not so wealthy family.,they insist u to pay the pro forma urgently. maybe try to be considerate to people who comes from not so wealthy family.,they insist u to pay the pro forma urgently. maybe try to be considerate to people who comes from not so wealthy family.,they insist u to pay the pro forma urgently maybe try to be considerate to people who comes from not so wealthy family,they insist u to pay the pro forma urgently maybe try to be considerate to people who comes from not so wealthy family,they insist u to pay the pro forma urgently maybe try to be considerable to people who comes from not so wealthy family,insist,insist,insist
2025/02/10 8:03:57 pm GMT+8,Good education but for accommodation & facilities not so much,Good education but for accommodation & facilities not so much,good education but for accommodation & facilities not so much,good education but for accommodation & facilities not so much,good education but for accommodation & facilities not so much,good education but for accommodation  facilities not so much,good education but for accommodation  facilities not so much,good education but for accommodation  facilities not so much,good,good,good
2025/02/10 8:04:37 pm GMT+8,"In my honest opinjon, its neutral. Uniten got its good and bad side in it. Good things are the lecturers, environment, and education here are positive and non-toxic. Its quite peaceful here. The bad side are more on how the projection of the student's future and well-being. I've seen that the staff's and how uniten goes is not student-oriented. The courses are kinda old for certain subjects and not industry based. We also lack of business and entrepreneur funding for startups. We dont have the innovation, research, and startups environment here. If the environments are more competitive, and the uniten itself promotes the innovation and research culture, we could produce better future oriented students. Exposure is a guaranteed for them. But I believe jt requires both efforts from students and the uniten also. We good","In my honest opinjon, its neutral. Uniten got its good and bad side in it. Good things are the lecturers, environment, and education here are positive and non-toxic. Its quite peaceful here. The bad side are more on how the projection of the student's future and well-being. I've seen that the staff's and how uniten goes is not student-oriented. The courses are kinda old for certain subjects and not industry based. We also lack of business and entrepreneur funding for startups. We dont have the innovation, research, and startups environment here. If the environments are more competitive, and the uniten itself promotes the innovation and research culture, we could produce better future oriented students. Exposure is a guaranteed for them. But I believe jt requires both efforts from students and the uniten also. We good","in my honest opinjon, its neutral. uniten got its good and bad side in it. good things are the lecturers, environment, and education here are positive and non-toxic. its quite peaceful here. the bad side are more on how the projection of the student's future and well-being. i've seen that the staff's and how uniten goes is not student-oriented. the courses are kinda old for certain subjects and not industry based. we also lack of business and entrepreneur funding for startups. we dont have the innovation, research, and startups environment here. if the environments are more competitive, and the uniten itself promotes the innovation and research culture, we could produce better future oriented students. exposure is a guaranteed for them. but i believe jt requires both efforts from students and the uniten also. we good","in my honest opinjon, its neutral. uniten got its good and bad side in it. good things are the lecturers, environment, and education here are positive and non-toxic. its quite peaceful here. the bad side are more on how the projection of the student's future and well-being. i've seen that the staff's and how uniten goes is not student-oriented. the courses are kinda old for certain subjects and not industry based. we also lack of business and entrepreneur funding for startups. we dont have the innovation, research, and startups environment here. if the environments are more competitive, and the uniten itself promotes the innovation and research culture, we could produce better future oriented students. exposure is a guaranteed for them. but i believe jt requires both efforts from students and the uniten also. we good","in my honest opinjon, its neutral. uniten got its good and bad side in it. good things are the lecturers, environment, and education here are positive and non-toxic. its quite peaceful here. the bad side are more on how the projection of the student's future and well-being. i have seen that the staff's and how uniten goes is not student-oriented. the courses are kinda old for certain subjects and not industry based. we also lack of business and entrepreneur funding for startups. we dont have the innovation, research, and startups environment here. if the environments are more competitive, and the uniten itself promotes the innovation and research culture, we could produce better future oriented students. exposure is a guaranteed for them. but i believe jt requires both efforts from students and the uniten also. we good",in my honest opinjon its neutral uniten got its good and bad side in it good things are the lecturers environment and education here are positive and nontoxic its quite peaceful here the bad side are more on how the projection of the students future and wellbeing i have seen that the staffs and how uniten goes is not studentoriented the courses are kinda old for certain subjects and not industry based we also lack of business and entrepreneur funding for startups we dont have the innovation research and startups environment here if the environments are more competitive and the uniten itself promotes the innovation and research culture we could produce better future oriented students exposure is a guaranteed for them but i believe jt requires both efforts from students and the uniten also we good,in my honest opinjon its neutral uniten got its good and bad side in it good things are the lecturers environment and education here are positive and nontoxic its quite peaceful here the bad side are more on how the projection of the students future and wellbeing i have seen that the staffs and how uniten goes is not studentoriented the courses are kinda old for certain subjects and not industry based we also lack of business and entrepreneur funding for startups we dont have the innovation research and startups environment here if the environments are more competitive and the uniten itself promotes the innovation and research culture we could produce better future oriented students exposure is a guaranteed for them but i believe jt requires both efforts from students and the uniten also we good,in my honest opinion its neutral united got its good and bad side in it good things are the lecturers environment and education here are positive and nontoxic its quite peaceful here the bad side are more on how the projection of the students future and wellbeing i have seen that the staffs and how united goes is not studentoriented the courses are kinda old for certain subjects and not industry based we also lack of business and entrepreneur funding for startups we dont have the innovation research and startups environment here if the environments are more competitive and the united itself promotes the innovation and research culture we could produce better future oriented students exposure is a guaranteed for them but i believe jt requires both efforts from students and the united also we good,honest,honest,honest
2025/02/10 8:04:44 pm GMT+8,Uniten is great,Uniten is great,uniten is great,uniten is great,uniten is great,uniten is great,uniten is great,united is great,united,unit,united
2025/02/10 8:04:56 pm GMT+8,"honestly, night class is such a huge hassle and big disadvantages to students. Nighttime is the time where all to most students are occupied with studying, assignments or even resting since in the daytime, most of the students wouldnt be able to do so because of classes. I think nighttime classes should not exist.","honestly, night class is such a huge hassle and big disadvantages to students. Nighttime is the time where all to most students are occupied with studying, assignments or even resting since in the daytime, most of the students wouldnt be able to do so because of classes. I think nighttime classes should not exist.","honestly, night class is such a huge hassle and big disadvantages to students. nighttime is the time where all to most students are occupied with studying, assignments or even resting since in the daytime, most of the students wouldnt be able to do so because of classes. i think nighttime classes should not exist.","honestly, night class is such a huge hassle and big disadvantages to students. nighttime is the time where all to most students are occupied with studying, assignments or even resting since in the daytime, most of the students wouldnt be able to do so because of classes. i think nighttime classes should not exist.","honestly, night class is such a huge hassle and big disadvantages to students. nighttime is the time where all to most students are occupied with studying, assignments or even resting since in the daytime, most of the students wouldnt be able to do so because of classes. i think nighttime classes should not exist.",honestly night class is such a huge hassle and big disadvantages to students nighttime is the time where all to most students are occupied with studying assignments or even resting since in the daytime most of the students wouldnt be able to do so because of classes i think nighttime classes should not exist,honestly night class is such a huge hassle and big disadvantages to students nighttime is the time where all to most students are occupied with studying assignments or even resting since in the daytime most of the students wouldnt be able to do so because of classes i think nighttime classes should not exist,honestly night class is such a huge hassle and big disadvantages to students nighttime is the time where all to most students are occupied with studying assignments or even resting since in the daytime most of the students wouldnt be able to do so because of classes i think nighttime classes should not exist,honestly,honestli,honestly
2025/02/10 8:05:09 pm GMT+8,"For residency, uniten need to create more space for parking and create designated area for student parking and it will be nice if theres a roof for parking, every event that held at dss, all the parking near dss will be closed, where should we park our car. And please makesure cendi allow us to apply access and not just depend on scorun but first come first serve. And please devide the student to who ever drive cars stay at amanah and those who dont stay at cendi. Thankyou very much and please do something about the carpark","For residency, uniten need to create more space for parking and create designated area for student parking and it will be nice if theres a roof for parking, every event that held at dss, all the parking near dss will be closed, where should we park our car. And please makesure cendi allow us to apply access and not just depend on scorun but first come first serve. And please devide the student to who ever drive cars stay at amanah and those who dont stay at cendi. Thankyou very much and please do something about the carpark","for residency, uniten need to create more space for parking and create designated area for student parking and it will be nice if theres a roof for parking, every event that held at dss, all the parking near dss will be closed, where should we park our car. and please makesure cendi allow us to apply access and not just depend on scorun but first come first serve. and please devide the student to who ever drive cars stay at amanah and those who dont stay at cendi. thankyou very much and please do something about the carpark","for residency, uniten need to create more space for parking and create designated area for student parking and it will be nice if theres a roof for parking, every event that held at dss, all the parking near dss will be closed, where should we park our car. and please makesure cendi allow us to apply access and not just depend on scorun but first come first serve. and please devide the student to who ever drive cars stay at amanah and those who dont stay at cendi. thankyou very much and please do something about the carpark","for residency, uniten need to create more space for parking and create designated area for student parking and it will be nice if theres a roof for parking, every event that held at dss, all the parking near dss will be closed, where should we park our car. and please makesure cendi allow us to apply access and not just depend on scorun but first come first serve. and please devide the student to who ever drive cars stay at amanah and those who dont stay at cendi. thankyou very much and please do something about the carpark",for residency uniten need to create more space for parking and create designated area for student parking and it will be nice if theres a roof for parking every event that held at dss all the parking near dss will be closed where should we park our car and please makesure cendi allow us to apply access and not just depend on scorun but first come first serve and please devide the student to who ever drive cars stay at amanah and those who dont stay at cendi thankyou very much and please do something about the carpark,for residency uniten need to create more space for parking and create designated area for student parking and it will be nice if theres a roof for parking every event that held at dss all the parking near dss will be closed where should we park our car and please makesure cendi allow us to apply access and not just depend on scorun but first come first serve and please devide the student to who ever drive cars stay at amanah and those who dont stay at cendi thankyou very much and please do something about the carpark,for residency united need to create more space for parking and create designated area for student parking and it will be nice if theres a roof for parking every event that held at dss all the parking near dss will be closed where should we park our car and please measure end allow us to apply access and not just depend on scorn but first come first serve and please device the student to who ever drive cars stay at almanac and those who dont stay at end thankyou very much and please do something about the carpark,residency,resid,residency
2025/02/10 8:06:01 pm GMT+8,"great facilities, great residency. eventhough the management still have room for improvement.","great facilities, great residency. eventhough the management still have room for improvement.","great facilities, great residency. eventhough the management still have room for improvement.","great facilities, great residency. eventhough the management still have room for improvement.","great facilities, great residency. eventhough the management still have room for improvement.",great facilities great residency eventhough the management still have room for improvement,great facilities great residency eventhough the management still have room for improvement,great facilities great residency eventhough the management still have room for improvement,great,great,great
2025/02/10 8:06:08 pm GMT+8,"In my opinion, UNITEN is okay as it is. However, it would be great if UNITEN implement the âRumah Sukan Sistemâ . This initiative will further strengthen the bonds between UNITEN students and staffs.","In my opinion, UNITEN is okay as it is. However, it would be great if UNITEN implement the âRumah Sukan Sistemâ . This initiative will further strengthen the bonds between UNITEN students and staffs.","in my opinion, uniten is okay as it is. however, it would be great if uniten implement the ârumah sukan sistemâ . this initiative will further strengthen the bonds between uniten students and staffs.","in my opinion, uniten is okay as it is. however, it would be great if uniten implement the rumah sukan sistem . this initiative will further strengthen the bonds between uniten students and staffs.","in my opinion, uniten is okay as it is. however, it would be great if uniten implement the rumah sukan sistem . this initiative will further strengthen the bonds between uniten students and staffs.",in my opinion uniten is okay as it is however it would be great if uniten implement the rumah sukan sistem  this initiative will further strengthen the bonds between uniten students and staffs,in my opinion uniten is okay as it is however it would be great if uniten implement the rumah sukan sistem  this initiative will further strengthen the bonds between uniten students and staffs,in my opinion united is okay as it is however it would be great if united implement the human sukan system  this initiative will further strengthen the bonds between united students and staffs,opinion,opinion,opinion
2025/02/10 8:06:09 pm GMT+8,"Naah, this university is a joke","Naah, this university is a joke","naah, this university is a joke","naah, this university is a joke","naah, this university is a joke",naah this university is a joke,naah this university is a joke,nach this university is a joke,nach,nach,nach
2025/02/10 8:06:43 pm GMT+8,"good facility, friendly community, itms, sir lim kok cheng, coway, kelas malam, wifi","good facility, friendly community, itms, sir lim kok cheng, coway, kelas malam, wifi","good facility, friendly community, itms, sir lim kok cheng, coway, kelas malam, wifi","good facility, friendly community, itms, sir lim kok cheng, coway, kelas malam, wifi","good facility, friendly community, itms, sir lim kok cheng, coway, kelas malam, wifi",good facility friendly community itms sir lim kok cheng coway kelas malam wifi,good facility friendly community itms sir lim kok cheng coway kelas malam wifi,good facility friendly community its sir lim kok cheng conway tells mala wifi,good,good,good
2025/02/10 8:07:18 pm GMT+8,UNITEN is among the best universities that provide IT programmes,UNITEN is among the best universities that provide IT programmes,uniten is among the best universities that provide it programmes,uniten is among the best universities that provide it programmes,uniten is among the best universities that provide it programmes,uniten is among the best universities that provide it programmes,uniten is among the best universities that provide it programmes,united is among the best universities that provide it programmes,united,unit,united
2025/02/10 8:07:40 pm GMT+8,"Don't go to UNITEN, go elsewhere","Don't go to UNITEN, go elsewhere","don't go to uniten, go elsewhere","don't go to uniten, go elsewhere","do not go to uniten, go elsewhere",do not go to uniten go elsewhere,do not go to uniten go elsewhere,do not go to united go elsewhere,go,go,go
2025/02/10 8:07:41 pm GMT+8,"Well when I first arrived at uniten I thought ""Ouh this is an energy university maybe the electric won't be an issue""
*proceeds to pay every single month for utilities*","Well when I first arrived at uniten I thought ""Ouh this is an energy university maybe the electric won't be an issue""
*proceeds to pay every single month for utilities*","well when i first arrived at uniten i thought ""ouh this is an energy university maybe the electric won't be an issue""
*proceeds to pay every single month for utilities*","well when i first arrived at uniten i thought ""ouh this is an energy university maybe the electric won't be an issue""
*proceeds to pay every single month for utilities*","well when i first arrived at uniten i thought ""ouh this is an energy university maybe the electric will not be an issue""
*proceeds to pay every single month for utilities*","well when i first arrived at uniten i thought ouh this is an energy university maybe the electric will not be an issue
proceeds to pay every single month for utilities","well when i first arrived at uniten i thought ouh this is an energy university maybe the electric will not be an issue
proceeds to pay every single month for utilities","well when i first arrived at united i thought out this is an energy university maybe the electric will not be an issue
proceeds to pay every single month for utilities",well,well,well
2025/02/10 8:08:26 pm GMT+8,"It's a good university, but I don't trust its management","It's a good university, but I don't trust its management","it's a good university, but i don't trust its management","it's a good university, but i don't trust its management","it is a good university, but i do not trust its management",it is a good university but i do not trust its management,it is a good university but i do not trust its management,it is a good university but i do not trust its management,good,good,good
2025/02/10 8:08:31 pm GMT+8,"As a final year student, I have a mixed review or opinion about UNITEN. I loved the education. The syllabus taught to students are very comprehensive and up to date to the industry standard. This prepares students in the working industry when they graduate.

As for the facilities, its quite poor in quality. Example includes, roof leakage, broken toilet and damaged roads. There is also poor security controls. Anybody can enter in and out of UNITEN whether they are a student or complete stranger. This poses a threat to all of UNITEN community from students to staffs. 

Would i recommend this university to someone i know? No i would not. There are other universities out there that are miles better than UNITEN. Make a proper research about the university before you enroll because you are going to spend 3-4 years there and potentially have a bright future ahead waiting for you. ","As a final year student, I have a mixed review or opinion about UNITEN. I loved the education. The syllabus taught to students are very comprehensive and up to date to the industry standard. This prepares students in the working industry when they graduate.

As for the facilities, its quite poor in quality. Example includes, roof leakage, broken toilet and damaged roads. There is also poor security controls. Anybody can enter in and out of UNITEN whether they are a student or complete stranger. This poses a threat to all of UNITEN community from students to staffs. 

Would i recommend this university to someone i know? No i would not. There are other universities out there that are miles better than UNITEN. Make a proper research about the university before you enroll because you are going to spend 3-4 years there and potentially have a bright future ahead waiting for you.","as a final year student, i have a mixed review or opinion about uniten. i loved the education. the syllabus taught to students are very comprehensive and up to date to the industry standard. this prepares students in the working industry when they graduate.

as for the facilities, its quite poor in quality. example includes, roof leakage, broken toilet and damaged roads. there is also poor security controls. anybody can enter in and out of uniten whether they are a student or complete stranger. this poses a threat to all of uniten community from students to staffs. 

would i recommend this university to someone i know? no i would not. there are other universities out there that are miles better than uniten. make a proper research about the university before you enroll because you are going to spend 3-4 years there and potentially have a bright future ahead waiting for you.","as a final year student, i have a mixed review or opinion about uniten. i loved the education. the syllabus taught to students are very comprehensive and up to date to the industry standard. this prepares students in the working industry when they graduate.

as for the facilities, its quite poor in quality. example includes, roof leakage, broken toilet and damaged roads. there is also poor security controls. anybody can enter in and out of uniten whether they are a student or complete stranger. this poses a threat to all of uniten community from students to staffs. 

would i recommend this university to someone i know? no i would not. there are other universities out there that are miles better than uniten. make a proper research about the university before you enroll because you are going to spend 3-4 years there and potentially have a bright future ahead waiting for you.","as a final year student, i have a mixed review or opinion about uniten. i loved the education. the syllabus taught to students are very comprehensive and up to date to the industry standard. this prepares students in the working industry when they graduate.

as for the facilities, its quite poor in quality. example includes, roof leakage, broken toilet and damaged roads. there is also poor security controls. anybody can enter in and out of uniten whether they are a student or complete stranger. this poses a threat to all of uniten community from students to staffs. 

would i recommend this university to someone i know? no i would not. there are other universities out there that are miles better than uniten. make a proper research about the university before you enroll because you are going to spend 3-4 years there and potentially have a bright future ahead waiting for you.","as a final year student i have a mixed review or opinion about uniten i loved the education the syllabus taught to students are very comprehensive and up to date to the industry standard this prepares students in the working industry when they graduate

as for the facilities its quite poor in quality example includes roof leakage broken toilet and damaged roads there is also poor security controls anybody can enter in and out of uniten whether they are a student or complete stranger this poses a threat to all of uniten community from students to staffs 

would i recommend this university to someone i know no i would not there are other universities out there that are miles better than uniten make a proper research about the university before you enroll because you are going to spend 34 years there and potentially have a bright future ahead waiting for you","as a final year student i have a mixed review or opinion about uniten i loved the education the syllabus taught to students are very comprehensive and up to date to the industry standard this prepares students in the working industry when they graduate

as for the facilities its quite poor in quality example includes roof leakage broken toilet and damaged roads there is also poor security controls anybody can enter in and out of uniten whether they are a student or complete stranger this poses a threat to all of uniten community from students to staffs 

would i recommend this university to someone i know no i would not there are other universities out there that are miles better than uniten make a proper research about the university before you enroll because you are going to spend  years there and potentially have a bright future ahead waiting for you","as a final year student i have a mixed review or opinion about united i loved the education the syllabus taught to students are very comprehensive and up to date to the industry standard this prepares students in the working industry when they graduate

as for the facilities its quite poor in quality example includes roof leakage broken toilet and damaged roads there is also poor security controls anybody can enter in and out of united whether they are a student or complete stranger this poses a threat to all of united community from students to staffs 

would i recommend this university to someone i know no i would not there are other universities out there that are miles better than united make a proper research about the university before you enroll because you are going to spend  years there and potentially have a bright future ahead waiting for you",final,final,final
2025/02/10 8:08:34 pm GMT+8,"Itâs a great place to study but for me the are lot of things that need to improve?? wifi connection is the priority since there a lot of bad connections, the things that i have the issue since first semester, which is the we not have any âbaju koperatâ or tshirt that shows we are the uniten student like the main shirt of UNITEN, this happens because during that time, i have go to the outside event like involved with a lot of university, UNITEN students is the only have not the same shirt, like we just use our own shirts, there are the person like literally âhalauâ us thought we are just outsiders haha, and the positive think that i like about UNITEN is they have a very good lecturer â¤ï¸","Itâs a great place to study but for me the are lot of things that need to improve?? wifi connection is the priority since there a lot of bad connections, the things that i have the issue since first semester, which is the we not have any âbaju koperatâ or tshirt that shows we are the uniten student like the main shirt of UNITEN, this happens because during that time, i have go to the outside event like involved with a lot of university, UNITEN students is the only have not the same shirt, like we just use our own shirts, there are the person like literally âhalauâ us thought we are just outsiders haha, and the positive think that i like about UNITEN is they have a very good lecturer â¤ï¸","itâs a great place to study but for me the are lot of things that need to improve?? wifi connection is the priority since there a lot of bad connections, the things that i have the issue since first semester, which is the we not have any âbaju koperatâ or tshirt that shows we are the uniten student like the main shirt of uniten, this happens because during that time, i have go to the outside event like involved with a lot of university, uniten students is the only have not the same shirt, like we just use our own shirts, there are the person like literally âhalauâ us thought we are just outsiders haha, and the positive think that i like about uniten is they have a very good lecturer â¤ï¸","its a great place to study but for me the are lot of things that need to improve?? wifi connection is the priority since there a lot of bad connections, the things that i have the issue since first semester, which is the we not have any baju koperat or tshirt that shows we are the uniten student like the main shirt of uniten, this happens because during that time, i have go to the outside event like involved with a lot of university, uniten students is the only have not the same shirt, like we just use our own shirts, there are the person like literally halau us thought we are just outsiders haha, and the positive think that i like about uniten is they have a very good lecturer","its a great place to study but for me the are lot of things that need to improve?? wifi connection is the priority since there a lot of bad connections, the things that i have the issue since first semester, which is the we not have any baju koperat or tshirt that shows we are the uniten student like the main shirt of uniten, this happens because during that time, i have go to the outside event like involved with a lot of university, uniten students is the only have not the same shirt, like we just use our own shirts, there are the person like literally halau us thought we are just outsiders haha, and the positive think that i like about uniten is they have a very good lecturer",its a great place to study but for me the are lot of things that need to improve wifi connection is the priority since there a lot of bad connections the things that i have the issue since first semester which is the we not have any baju koperat or tshirt that shows we are the uniten student like the main shirt of uniten this happens because during that time i have go to the outside event like involved with a lot of university uniten students is the only have not the same shirt like we just use our own shirts there are the person like literally halau us thought we are just outsiders haha and the positive think that i like about uniten is they have a very good lecturer,its a great place to study but for me the are lot of things that need to improve wifi connection is the priority since there a lot of bad connections the things that i have the issue since first semester which is the we not have any baju koperat or tshirt that shows we are the uniten student like the main shirt of uniten this happens because during that time i have go to the outside event like involved with a lot of university uniten students is the only have not the same shirt like we just use our own shirts there are the person like literally halau us thought we are just outsiders haha and the positive think that i like about uniten is they have a very good lecturer,its a great place to study but for me the are lot of things that need to improve wifi connection is the priority since there a lot of bad connections the things that i have the issue since first semester which is the we not have any baku opera or shirt that shows we are the united student like the main shirt of united this happens because during that time i have go to the outside event like involved with a lot of university united students is the only have not the same shirt like we just use our own shirts there are the person like literally halal us thought we are just outsiders haha and the positive think that i like about united is they have a very good lecturer,great,great,great
2025/02/10 8:08:38 pm GMT+8,"first I would say the facility where the student learn is very comfortable with comfortable chair and having aircon in every classroom. The food here is amazing and affordable. The accomodation for the student is nice but the problem is always the internet not being able to connect to wifi sometimes. Other then that, parking need to be improve so that more student can park their car.","first I would say the facility where the student learn is very comfortable with comfortable chair and having aircon in every classroom. The food here is amazing and affordable. The accomodation for the student is nice but the problem is always the internet not being able to connect to wifi sometimes. Other then that, parking need to be improve so that more student can park their car.","first i would say the facility where the student learn is very comfortable with comfortable chair and having aircon in every classroom. the food here is amazing and affordable. the accomodation for the student is nice but the problem is always the internet not being able to connect to wifi sometimes. other then that, parking need to be improve so that more student can park their car.","first i would say the facility where the student learn is very comfortable with comfortable chair and having aircon in every classroom. the food here is amazing and affordable. the accomodation for the student is nice but the problem is always the internet not being able to connect to wifi sometimes. other then that, parking need to be improve so that more student can park their car.","first i would say the facility where the student learn is very comfortable with comfortable chair and having aircon in every classroom. the food here is amazing and affordable. the accomodation for the student is nice but the problem is always the internet not being able to connect to wifi sometimes. other then that, parking need to be improve so that more student can park their car.",first i would say the facility where the student learn is very comfortable with comfortable chair and having aircon in every classroom the food here is amazing and affordable the accomodation for the student is nice but the problem is always the internet not being able to connect to wifi sometimes other then that parking need to be improve so that more student can park their car,first i would say the facility where the student learn is very comfortable with comfortable chair and having aircon in every classroom the food here is amazing and affordable the accomodation for the student is nice but the problem is always the internet not being able to connect to wifi sometimes other then that parking need to be improve so that more student can park their car,first i would say the facility where the student learn is very comfortable with comfortable chair and having icon in every classroom the food here is amazing and affordable the accommodation for the student is nice but the problem is always the internet not being able to connect to wifi sometimes other then that parking need to be improve so that more student can park their car,first,first,first
2025/02/10 8:09:03 pm GMT+8,"Academically, UNITEN provides courses that focus more on technology and future development. This positively impacts the current national agenda, which aims to achieve sustainable economic growth and technological advancement. UNITEN has many experienced lecturers who are actively working in the industry, helping to develop studentsâ skills and prepare them for the workforce.  ","Academically, UNITEN provides courses that focus more on technology and future development. This positively impacts the current national agenda, which aims to achieve sustainable economic growth and technological advancement. UNITEN has many experienced lecturers who are actively working in the industry, helping to develop studentsâ skills and prepare them for the workforce.","academically, uniten provides courses that focus more on technology and future development. this positively impacts the current national agenda, which aims to achieve sustainable economic growth and technological advancement. uniten has many experienced lecturers who are actively working in the industry, helping to develop studentsâ skills and prepare them for the workforce.","academically, uniten provides courses that focus more on technology and future development. this positively impacts the current national agenda, which aims to achieve sustainable economic growth and technological advancement. uniten has many experienced lecturers who are actively working in the industry, helping to develop students skills and prepare them for the workforce.","academically, uniten provides courses that focus more on technology and future development. this positively impacts the current national agenda, which aims to achieve sustainable economic growth and technological advancement. uniten has many experienced lecturers who are actively working in the industry, helping to develop students skills and prepare them for the workforce.",academically uniten provides courses that focus more on technology and future development this positively impacts the current national agenda which aims to achieve sustainable economic growth and technological advancement uniten has many experienced lecturers who are actively working in the industry helping to develop students skills and prepare them for the workforce,academically uniten provides courses that focus more on technology and future development this positively impacts the current national agenda which aims to achieve sustainable economic growth and technological advancement uniten has many experienced lecturers who are actively working in the industry helping to develop students skills and prepare them for the workforce,academically united provides courses that focus more on technology and future development this positively impacts the current national agenda which aims to achieve sustainable economic growth and technological advancement united has many experienced lecturers who are actively working in the industry helping to develop students skills and prepare them for the workforce,academically,academ,academically
2025/02/10 8:10:42 pm GMT+8,for an energy university Im impressed with the ev bus implemented but damn the wifi sucks,for an energy university Im impressed with the ev bus implemented but damn the wifi sucks,for an energy university im impressed with the ev bus implemented but damn the wifi sucks,for an energy university im impressed with the ev bus implemented but damn the wifi sucks,for an energy university im impressed with the ev bus implemented but damn the wifi sucks,for an energy university im impressed with the ev bus implemented but damn the wifi sucks,for an energy university im impressed with the ev bus implemented but damn the wifi sucks,for an energy university im impressed with the ev bus implemented but damn the wifi sucks,energy,energi,energy
2025/02/10 8:10:47 pm GMT+8,Uniten has mostly very good lecturers and has sufficient facilities. But accomodation for students are lacking in terms of class schedules and flexibility.,Uniten has mostly very good lecturers and has sufficient facilities. But accomodation for students are lacking in terms of class schedules and flexibility.,uniten has mostly very good lecturers and has sufficient facilities. but accomodation for students are lacking in terms of class schedules and flexibility.,uniten has mostly very good lecturers and has sufficient facilities. but accomodation for students are lacking in terms of class schedules and flexibility.,uniten has mostly very good lecturers and has sufficient facilities. but accomodation for students are lacking in terms of class schedules and flexibility.,uniten has mostly very good lecturers and has sufficient facilities but accomodation for students are lacking in terms of class schedules and flexibility,uniten has mostly very good lecturers and has sufficient facilities but accomodation for students are lacking in terms of class schedules and flexibility,united has mostly very good lecturers and has sufficient facilities but accommodation for students are lacking in terms of class schedules and flexibility,united,unit,united
2025/02/10 8:12:13 pm GMT+8,#NAME?,#NAME?,#name?,name?,name?,name,name,name,name,name,name
2025/02/10 8:13:29 pm GMT+8,I feel neither good nor bad towards UNITEN. There are some aspects that I like such as the courses & syllabuses taught to us students. They are relevant for our future because Iâve used those knowledge during my internship and they were shocked that I know such things. The environment itself is also not bad. Library is comfortable. Classes have full lightings to study in. What I dont like is the lack of concerns towards studentsâ practicality. Less parking spots. Difficulty to access uniten brighten or any uniten website during the release of examination results. Poor wifi connectivity.,I feel neither good nor bad towards UNITEN. There are some aspects that I like such as the courses & syllabuses taught to us students. They are relevant for our future because Iâve used those knowledge during my internship and they were shocked that I know such things. The environment itself is also not bad. Library is comfortable. Classes have full lightings to study in. What I dont like is the lack of concerns towards studentsâ practicality. Less parking spots. Difficulty to access uniten brighten or any uniten website during the release of examination results. Poor wifi connectivity.,i feel neither good nor bad towards uniten. there are some aspects that i like such as the courses & syllabuses taught to us students. they are relevant for our future because iâve used those knowledge during my internship and they were shocked that i know such things. the environment itself is also not bad. library is comfortable. classes have full lightings to study in. what i dont like is the lack of concerns towards studentsâ practicality. less parking spots. difficulty to access uniten brighten or any uniten website during the release of examination results. poor wifi connectivity.,i feel neither good nor bad towards uniten. there are some aspects that i like such as the courses & syllabuses taught to us students. they are relevant for our future because ive used those knowledge during my internship and they were shocked that i know such things. the environment itself is also not bad. library is comfortable. classes have full lightings to study in. what i dont like is the lack of concerns towards students practicality. less parking spots. difficulty to access uniten brighten or any uniten website during the release of examination results. poor wifi connectivity.,i feel neither good nor bad towards uniten. there are some aspects that i like such as the courses & syllabuses taught to us students. they are relevant for our future because ive used those knowledge during my internship and they were shocked that i know such things. the environment itself is also not bad. library is comfortable. classes have full lightings to study in. what i dont like is the lack of concerns towards students practicality. less parking spots. difficulty to access uniten brighten or any uniten website during the release of examination results. poor wifi connectivity.,i feel neither good nor bad towards uniten there are some aspects that i like such as the courses  syllabuses taught to us students they are relevant for our future because ive used those knowledge during my internship and they were shocked that i know such things the environment itself is also not bad library is comfortable classes have full lightings to study in what i dont like is the lack of concerns towards students practicality less parking spots difficulty to access uniten brighten or any uniten website during the release of examination results poor wifi connectivity,i feel neither good nor bad towards uniten there are some aspects that i like such as the courses  syllabuses taught to us students they are relevant for our future because ive used those knowledge during my internship and they were shocked that i know such things the environment itself is also not bad library is comfortable classes have full lightings to study in what i dont like is the lack of concerns towards students practicality less parking spots difficulty to access uniten brighten or any uniten website during the release of examination results poor wifi connectivity,i feel neither good nor bad towards united there are some aspects that i like such as the courses  syllables taught to us students they are relevant for our future because ive used those knowledge during my internship and they were shocked that i know such things the environment itself is also not bad library is comfortable classes have full lighting to study in what i dont like is the lack of concerns towards students practically less parking spots difficulty to access united brighter or any united website during the release of examination results poor wifi connectivity,feel,feel,feel
2025/02/10 8:14:54 pm GMT+8,moderate ,moderate,moderate,moderate,moderate,moderate,moderate,moderate,moderate,moder,moderate
2025/02/10 8:17:27 pm GMT+8,the facilities are not really good,the facilities are not really good,the facilities are not really good,the facilities are not really good,the facilities are not really good,the facilities are not really good,the facilities are not really good,the facilities are not really good,facilities,facil,facility
2025/02/10 8:22:41 pm GMT+8,"UNITEN is a great university. However there are some room of improvements with the issues on accommodations, studies, curriculums and others","UNITEN is a great university. However there are some room of improvements with the issues on accommodations, studies, curriculums and others","uniten is a great university. however there are some room of improvements with the issues on accommodations, studies, curriculums and others","uniten is a great university. however there are some room of improvements with the issues on accommodations, studies, curriculums and others","uniten is a great university. however there are some room of improvements with the issues on accommodations, studies, curriculums and others",uniten is a great university however there are some room of improvements with the issues on accommodations studies curriculums and others,uniten is a great university however there are some room of improvements with the issues on accommodations studies curriculums and others,united is a great university however there are some room of improvements with the issues on accommodations studies curriculum and others,united,unit,united
2025/02/10 9:12:13 pm GMT+8,Student info yg old school.aplikasi student life yg tak funtion.kos bayar mahal tpi ni je dapat,Old school student info. Student life application that doesn't function. Costs a lot but you can get it,old school student info. student life application that doesn't function. costs a lot but you can get it,old school student info. student life application that doesn't function. costs a lot but you can get it,old school student info. student life application that does not function. costs a lot but you can get it,old school student info student life application that does not function costs a lot but you can get it,old school student info student life application that does not function costs a lot but you can get it,old school student info student life application that does not function costs a lot but you can get it,old,old,old
2025/02/10 9:13:11 pm GMT+8,"Saya merasakan uniten perlu improve dari segi system delay mereka dalam aspek student info ia akan mengganggu student untuk akses dalam web itu,Dari aspek kos pendidikan,ia terlalu mahal dan tidak mengikut harga yang di bayar mahal tersebut.Jika servis perkhidmatan pendidikan ia mahal perlulah mengikut prosedur tersebut.Maaf hanya sekadar hujahan sahaja.","I feel that uniten need to improve in terms of their system delay in the aspect of student info, it will disturb students to access the web, From the aspect of education cost, it is too expensive and not according to the price paid. If the education service service is expensive, it should follow the procedure. Sorry, just an argument.","i feel that uniten need to improve in terms of their system delay in the aspect of student info, it will disturb students to access the web, from the aspect of education cost, it is too expensive and not according to the price paid. if the education service service is expensive, it should follow the procedure. sorry, just an argument.","i feel that uniten need to improve in terms of their system delay in the aspect of student info, it will disturb students to access the web, from the aspect of education cost, it is too expensive and not according to the price paid. if the education service service is expensive, it should follow the procedure. sorry, just an argument.","i feel that uniten need to improve in terms of their system delay in the aspect of student info, it will disturb students to access the web, from the aspect of education cost, it is too expensive and not according to the price paid. if the education service service is expensive, it should follow the procedure. sorry, just an argument.",i feel that uniten need to improve in terms of their system delay in the aspect of student info it will disturb students to access the web from the aspect of education cost it is too expensive and not according to the price paid if the education service service is expensive it should follow the procedure sorry just an argument,i feel that uniten need to improve in terms of their system delay in the aspect of student info it will disturb students to access the web from the aspect of education cost it is too expensive and not according to the price paid if the education service service is expensive it should follow the procedure sorry just an argument,i feel that united need to improve in terms of their system delay in the aspect of student info it will disturb students to access the web from the aspect of education cost it is too expensive and not according to the price paid if the education service service is expensive it should follow the procedure sorry just an argument,feel,feel,feel
